{
  "dataset": {
    "training_snapshots": 300,
    "validation_snapshots": 150,
    "training_stop_labels": 297,
    "training_continue_labels": 3,
    "validation_stop_labels": 150,
    "validation_continue_labels": 0
  },
  "logistic_regression": {
    "accuracy": 0.9866666666666667,
    "precision": 0.0,
    "recall": 0.0,
    "f1": 0.0,
    "confusion_matrix": [
      [
        148,
        2
      ],
      [
        0,
        0
      ]
    ],
    "classification_report": {
      "stop": {
        "precision": 1.0,
        "recall": 0.9866666666666667,
        "f1-score": 0.9932885906040269,
        "support": 150.0
      },
      "continue": {
        "precision": 0.0,
        "recall": 0.0,
        "f1-score": 0.0,
        "support": 0.0
      },
      "accuracy": 0.9866666666666667,
      "macro avg": {
        "precision": 0.5,
        "recall": 0.49333333333333335,
        "f1-score": 0.4966442953020134,
        "support": 150.0
      },
      "weighted avg": {
        "precision": 1.0,
        "recall": 0.9866666666666667,
        "f1-score": 0.993288590604027,
        "support": 150.0
      }
    },
    "roc_auc": null
  },
  "xgboost": {
    "accuracy": 0.9866666666666667,
    "precision": 0.0,
    "recall": 0.0,
    "f1": 0.0,
    "confusion_matrix": [
      [
        148,
        2
      ],
      [
        0,
        0
      ]
    ],
    "classification_report": {
      "stop": {
        "precision": 1.0,
        "recall": 0.9866666666666667,
        "f1-score": 0.9932885906040269,
        "support": 150.0
      },
      "continue": {
        "precision": 0.0,
        "recall": 0.0,
        "f1-score": 0.0,
        "support": 0.0
      },
      "accuracy": 0.9866666666666667,
      "macro avg": {
        "precision": 0.5,
        "recall": 0.49333333333333335,
        "f1-score": 0.4966442953020134,
        "support": 150.0
      },
      "weighted avg": {
        "precision": 1.0,
        "recall": 0.9866666666666667,
        "f1-score": 0.993288590604027,
        "support": 150.0
      }
    },
    "roc_auc": null
  }
}